transaction_id,user_id,product_id,amount,rating,timestamp
TXN-1000,U025,P122,358.67,3,2026-01-05 01:02:46
TXN-1001,U111,P147,165.48,4,2025-12-31 01:02:46
TXN-1002,U020,P118,413.85,5,2026-01-03 01:02:46
TXN-1003,U112,P128,300.12,3,2026-01-15 01:02:46
TXN-1004,U043,P126,23.43,2,2026-01-13 01:02:46
TXN-1005,U144,P105,102.78,5,2026-01-05 01:02:46
TXN-1006,U064,P129,361.23,5,2025-12-27 01:02:46
TXN-1007,U105,P103,147.74,4,2026-01-12 01:02:46
TXN-1008,U091,P113,34.47,1,2025-12-26 01:02:46
TXN-1009,U029,P143,246.64,2,2026-01-16 01:02:46
TXN-1010,U122,P135,194.8,1,2026-01-20 01:02:46
TXN-1011,U040,P126,437.82,4,2026-01-07 01:02:46
TXN-1012,U188,P149,292.4,5,2026-01-20 01:02:46
TXN-1013,U177,P133,415.61,5,2025-12-30 01:02:46
TXN-1014,U090,P105,193.13,4,2026-01-11 01:02:46
TXN-1015,U049,P110,259.9,1,2025-12-29 01:02:46
TXN-1016,U065,P110,ERROR_VAL,3,2026-01-02 01:02:46
TXN-1017,U111,P134,384.41,2,2025-12-23 01:02:46
TXN-1018,U121,P102,107.01,1,2025-12-22 01:02:46
TXN-1019,U121,P106,386.22,3,2026-01-01 01:02:46
TXN-1020,U071,P141,202.49,2,2025-12-21 01:02:46
TXN-1021,U012,P132,388.59,2,2025-12-28 01:02:46
TXN-1022,U074,P150,18.34,4,2025-12-21 01:02:46
TXN-1023,U067,P141,454.76,4,2025-12-25 01:02:46
TXN-1024,U130,P124,368.48,1,2025-12-29 01:02:46
TXN-1025,U110,P139,96.21,5,2026-01-17 01:02:46
TXN-1026,U059,P115,385.51,1,2025-12-27 01:02:46
TXN-1027,U190,P111,13.79,2,2026-01-16 01:02:46
TXN-1028,U020,P111,214.21,3,2026-01-14 01:02:46
TXN-1029,U013,P141,200.88,4,2025-12-25 01:02:46
TXN-1030,U171,P112,370.1,4,2026-01-20 01:02:46
TXN-1031,U151,P135,,3,2026-01-12 01:02:46
TXN-1032,U198,P139,412.47,3,2025-12-23 01:02:46
TXN-1033,U124,P119,108.98,2,2026-01-20 01:02:46
TXN-1034,U159,P133,21.83,1,2026-01-08 01:02:46
TXN-1035,U016,P114,71.01,2,2026-01-09 01:02:46
TXN-1036,U005,P127,318.12,5,2026-01-12 01:02:46
TXN-1037,U024,P124,316.01,5,2025-12-30 01:02:46
TXN-1038,U191,P118,491.59,4,2026-01-10 01:02:46
TXN-1039,U174,P116,80.04,3,2026-01-11 01:02:46
TXN-1040,U081,P136,435.3,4,2026-01-16 01:02:46
TXN-1041,U174,P117,390.59,4,2026-01-19 01:02:46
TXN-1042,U139,P114,314.59,2,2026-01-20 01:02:46
TXN-1043,U181,P112,245.95,4,2026-01-07 01:02:46
TXN-1044,U070,P138,416.91,4,2025-12-27 01:02:46
TXN-1045,U029,P105,95.94,5,2025-12-24 01:02:46
TXN-1046,U173,P105,229.12,5,2026-01-07 01:02:46
TXN-1047,U164,P117,328.9,3,2026-01-17 01:02:46
TXN-1048,U131,P121,194.55,3,2025-12-30 01:02:46
TXN-1049,U150,P115,353.61,3,2025-12-25 01:02:46
TXN-1050,U172,P119,66.65,5,2026-01-05 01:02:46
TXN-1051,U031,P134,274.16,4,2026-01-12 01:02:46
TXN-1052,U157,P128,479.78,5,2026-01-12 01:02:46
TXN-1053,U172,P144,232.8,5,2026-01-06 01:02:46
TXN-1054,U161,P139,279.27,4,2026-01-12 01:02:46
TXN-1055,U192,P127,299.36,5,2026-01-10 01:02:46
TXN-1056,U080,P104,452.73,5,2026-01-05 01:02:46
TXN-1057,U062,P146,270.51,3,2025-12-26 01:02:46
TXN-1058,U024,P101,114.96,5,2026-01-15 01:02:46
TXN-1059,U161,P144,306.43,1,2026-01-11 01:02:46
TXN-1060,U122,P146,316.77,5,2025-12-22 01:02:46
TXN-1061,U191,P142,354.79,2,2025-12-29 01:02:46
TXN-1062,U188,P118,335.43,5,2025-12-28 01:02:46
TXN-1063,U121,P147,303.23,5,2025-12-30 01:02:46
TXN-1064,U101,P141,379.04,4,2025-12-31 01:02:46
TXN-1065,U031,P136,126.07,4,2026-01-03 01:02:46
TXN-1066,U170,P134,69.97,5,2026-01-07 01:02:46
TXN-1067,U185,P109,108.02,5,2026-01-18 01:02:46
TXN-1068,U008,P115,74.4,4,2025-12-25 01:02:46
TXN-1069,U144,P113,165.99,3,2026-01-16 01:02:46
TXN-1070,U119,P144,101.71,5,2026-01-19 01:02:46
TXN-1071,U130,P106,110.65,4,2025-12-28 01:02:46
TXN-1072,U178,P104,151.01,3,2026-01-18 01:02:46
TXN-1073,U039,P113,73.52,5,2025-12-23 01:02:46
TXN-1074,U006,P148,244.9,3,2026-01-01 01:02:46
TXN-1075,U078,P121,337.0,4,2025-12-29 01:02:46
TXN-1076,U037,P126,435.79,5,2026-01-02 01:02:46
TXN-1077,U088,P147,146.54,5,2026-01-15 01:02:46
TXN-1078,U038,P124,292.16,1,2025-12-28 01:02:46
TXN-1079,U031,P109,,4,2026-01-03 01:02:46
TXN-1080,U038,P125,79.11,4,2026-01-05 01:02:46
TXN-1081,U097,P112,463.27,5,2025-12-30 01:02:46
TXN-1082,U088,P115,488.92,99,2026-01-16 01:02:46
TXN-1083,U194,P146,277.49,2,2026-01-08 01:02:46
TXN-1084,U127,P121,473.74,3,2025-12-26 01:02:46
TXN-1085,U036,P109,320.98,1,2026-01-19 01:02:46
TXN-1086,U087,P110,364.06,4,2026-01-18 01:02:46
TXN-1087,U048,P108,274.56,2,2025-12-26 01:02:46
TXN-1088,U190,P108,485.86,4,2025-12-29 01:02:46
TXN-1089,U153,P143,277.51,5,2026-01-12 01:02:46
TXN-1090,U023,P119,42.68,4,2026-01-19 01:02:46
TXN-1091,U044,P101,485.8,4,2026-01-06 01:02:46
TXN-1092,U187,P141,324.22,2,2026-01-16 01:02:46
TXN-1093,U126,P129,345.47,2,2025-12-22 01:02:46
TXN-1094,U065,P119,45.78,4,2026-01-03 01:02:46
TXN-1095,U120,P146,468.29,5,2026-01-01 01:02:46
TXN-1096,U132,P130,212.43,1,2025-12-21 01:02:46
TXN-1097,U164,P125,282.51,1,2025-12-27 01:02:46
TXN-1098,U088,P117,187.7,4,2025-12-21 01:02:46
TXN-1099,U078,P134,184.45,1,2026-01-03 01:02:46
TXN-1100,U050,P126,95.77,5,2026-01-01 01:02:46
TXN-1101,U064,P104,489.08,2,2025-12-23 01:02:46
TXN-1102,U032,P112,356.33,3,2025-12-26 01:02:46
TXN-1103,U142,P117,382.36,3,2026-01-12 01:02:46
TXN-1104,U057,P141,455.99,5,2026-01-09 01:02:46
TXN-1105,U001,P119,440.81,3,2026-01-13 01:02:46
TXN-1106,U115,P107,337.18,1,2025-12-30 01:02:46
TXN-1107,U135,P114,215.15,1,2025-12-28 01:02:46
TXN-1108,U029,P121,100.1,3,2026-01-20 01:02:46
TXN-1109,U064,P120,56.0,2,2026-01-08 01:02:46
TXN-1110,U037,P116,457.46,5,2025-12-23 01:02:46
TXN-1111,U168,P145,229.61,4,2026-01-16 01:02:46
TXN-1112,U083,P109,107.63,5,2025-12-21 01:02:46
TXN-1113,U125,P110,289.54,3,2025-12-30 01:02:46
TXN-1114,U184,P105,335.54,2,2025-12-21 01:02:46
TXN-1115,U055,P102,103.58,4,2026-01-08 01:02:46
TXN-1116,,P125,335.76,2,2026-01-11 01:02:46
TXN-1117,U170,P144,68.43,3,2026-01-17 01:02:46
TXN-1118,U131,P106,383.26,5,2026-01-14 01:02:46
TXN-1119,U072,P110,133.09,2,2026-01-10 01:02:46
TXN-1120,U155,P112,414.12,2,2026-01-03 01:02:46
TXN-1121,U150,P141,354.06,3,2026-01-10 01:02:46
TXN-1122,U155,P103,283.83,1,2025-12-26 01:02:46
TXN-1123,U153,P144,208.93,2,2025-12-31 01:02:46
TXN-1124,U124,P104,103.03,1,2026-01-09 01:02:46
TXN-1125,U139,P139,17.41,5,2025-12-25 01:02:46
TXN-1126,U031,P112,252.7,3,2025-12-27 01:02:46
TXN-1127,U100,P101,174.95,5,2025-12-30 01:02:46
TXN-1128,U078,P147,100.85,5,2026-01-03 01:02:46
TXN-1129,U112,P111,250.1,5,2026-01-08 01:02:46
TXN-1130,U187,P119,135.49,1,2025-12-30 01:02:46
TXN-1131,U144,P111,190.19,4,2026-01-10 01:02:46
TXN-1132,U001,P147,394.9,5,2026-01-07 01:02:46
TXN-1133,U008,P131,150.94,5,2025-12-26 01:02:46
TXN-1134,U169,P132,365.98,5,2026-01-19 01:02:46
TXN-1135,U019,P109,121.29,5,2026-01-01 01:02:46
TXN-1136,U194,P147,198.34,3,2025-12-26 01:02:46
TXN-1137,U144,P106,410.24,4,2026-01-01 01:02:46
TXN-1138,U052,P130,247.84,1,2025-12-22 01:02:46
TXN-1139,U185,P105,115.85,1,2026-01-02 01:02:46
TXN-1140,U034,P136,313.55,4,2026-01-11 01:02:46
TXN-1141,U092,P132,281.13,4,2025-12-29 01:02:46
TXN-1142,U084,P143,64.15,3,2026-01-04 01:02:46
TXN-1143,U134,P140,435.36,1,2026-01-03 01:02:46
TXN-1144,U154,P124,425.49,4,2026-01-15 01:02:46
TXN-1145,U187,P123,145.04,3,2026-01-15 01:02:46
TXN-1146,U016,P142,455.86,3,2026-01-11 01:02:46
TXN-1147,U134,P113,267.07,1,2026-01-01 01:02:46
TXN-1148,U144,P117,81.66,2,2025-12-28 01:02:46
TXN-1149,U089,P127,136.82,2,2025-12-25 01:02:46
TXN-1150,U027,P128,104.06,5,2026-01-17 01:02:46
TXN-1151,U076,P134,85.97,1,2026-01-20 01:02:46
TXN-1152,U006,P144,101.25,5,2026-01-06 01:02:46
TXN-1153,U067,P145,46.5,3,2026-01-11 01:02:46
TXN-1154,U130,P110,310.75,5,2026-01-17 01:02:46
TXN-1155,U064,P150,34.77,5,2025-12-28 01:02:46
TXN-1156,U154,P129,20.93,5,2026-01-11 01:02:46
TXN-1157,U094,P107,69.81,2,2026-01-08 01:02:46
TXN-1158,U047,P106,233.24,1,2026-01-16 01:02:46
TXN-1159,U022,P142,ERROR_VAL,3,2025-12-28 01:02:46
TXN-1160,U123,P106,59.49,2,2026-01-03 01:02:46
TXN-1161,U096,P140,,2,2026-01-20 01:02:46
TXN-1162,U192,P126,92.51,1,2025-12-21 01:02:46
TXN-1163,U013,P115,,3,2025-12-21 01:02:46
TXN-1164,U095,P128,159.83,1,2026-01-16 01:02:46
TXN-1165,U125,P141,227.17,5,2025-12-22 01:02:46
TXN-1166,U169,P133,206.93,2,2026-01-07 01:02:46
TXN-1167,U165,P127,388.72,2,2025-12-23 01:02:46
TXN-1168,U155,P114,78.54,4,2026-01-05 01:02:46
TXN-1169,U026,P147,332.42,1,2026-01-05 01:02:46
TXN-1170,U096,P143,209.34,5,2026-01-05 01:02:46
TXN-1171,U143,P119,63.21,4,2025-12-24 01:02:46
TXN-1172,U182,P139,439.69,3,2025-12-21 01:02:46
TXN-1173,U114,P121,212.14,1,2026-01-14 01:02:46
TXN-1174,U087,P105,420.22,3,2026-01-02 01:02:46
TXN-1175,U125,P146,365.45,1,2025-12-21 01:02:46
TXN-1176,U086,P141,363.84,4,2025-12-27 01:02:46
TXN-1177,U042,P106,202.49,2,2026-01-03 01:02:46
TXN-1178,U195,P135,167.04,4,2026-01-18 01:02:46
TXN-1179,U124,P121,365.02,3,2025-12-29 01:02:46
TXN-1180,U041,P104,458.17,2,2026-01-12 01:02:46
TXN-1181,U142,P108,92.92,1,2026-01-12 01:02:46
TXN-1182,U109,P146,339.48,4,2026-01-19 01:02:46
TXN-1183,U121,P144,83.65,5,2026-01-02 01:02:46
TXN-1184,U036,P104,405.57,1,2025-12-30 01:02:46
TXN-1185,U067,P116,198.05,3,2026-01-07 01:02:46
TXN-1186,U002,P132,198.62,1,2025-12-24 01:02:46
TXN-1187,U198,P116,412.95,2,2025-12-26 01:02:46
TXN-1188,U175,P133,412.05,5,2026-01-17 01:02:46
TXN-1189,U114,P126,,3,2025-12-29 01:02:46
TXN-1190,U109,P107,130.08,1,2025-12-30 01:02:46
TXN-1191,U029,P119,16.62,5,2025-12-27 01:02:46
TXN-1192,U041,P129,40.0,4,2026-01-07 01:02:46
TXN-1193,U153,P137,301.2,2,2025-12-25 01:02:46
TXN-1194,U153,P108,456.07,2,2026-01-11 01:02:46
TXN-1195,U080,P150,33.18,1,2025-12-24 01:02:46
TXN-1196,U177,P145,53.7,4,2025-12-27 01:02:46
TXN-1197,U186,P125,203.92,1,2026-01-09 01:02:46
TXN-1198,U155,P135,73.39,4,2025-12-25 01:02:46
TXN-1199,U144,P106,22.08,3,2025-12-22 01:02:46
TXN-1200,U138,P133,61.44,5,2026-01-07 01:02:46
TXN-1201,U103,P129,28.13,1,2025-12-21 01:02:46
TXN-1202,U143,P107,280.07,4,2026-01-12 01:02:46
TXN-1203,U098,P110,53.97,1,2026-01-10 01:02:46
TXN-1204,U102,P132,477.5,5,2026-01-05 01:02:46
TXN-1205,U106,P134,250.35,4,2025-12-22 01:02:46
TXN-1206,U046,P119,195.59,5,2026-01-06 01:02:46
TXN-1207,U106,P110,457.87,5,2025-12-30 01:02:46
TXN-1208,U058,P135,78.56,3,2025-12-23 01:02:46
TXN-1209,U169,P119,279.49,2,2026-01-02 01:02:46
TXN-1210,U069,P128,324.29,4,2026-01-18 01:02:46
TXN-1211,U019,P102,232.3,5,2026-01-20 01:02:46
TXN-1212,U037,P122,58.45,2,2026-01-08 01:02:46
TXN-1213,U051,P121,286.03,1,2025-12-27 01:02:46
TXN-1214,U065,P126,70.49,4,2026-01-11 01:02:46
TXN-1215,U052,P111,323.33,2,2025-12-25 01:02:46
TXN-1216,U172,P109,388.7,3,2026-01-01 01:02:46
TXN-1217,U088,P120,356.18,2,2025-12-29 01:02:46
TXN-1218,U141,P108,351.39,5,2026-01-18 01:02:46
TXN-1219,U163,P105,127.91,1,2026-01-16 01:02:46
TXN-1220,U018,P142,298.57,1,2026-01-19 01:02:46
TXN-1221,U101,P138,390.13,5,2026-01-05 01:02:46
TXN-1222,U163,P143,137.24,5,2026-01-10 01:02:46
TXN-1223,U199,P126,161.89,1,2026-01-09 01:02:46
TXN-1224,U195,P102,482.22,2,2025-12-23 01:02:46
TXN-1225,U097,P112,14.34,5,2026-01-01 01:02:46
TXN-1226,U087,P138,488.24,2,2025-12-21 01:02:46
TXN-1227,U046,P148,35.19,3,2026-01-03 01:02:46
TXN-1228,U076,P131,190.84,1,2026-01-11 01:02:46
TXN-1229,U077,P101,242.73,2,2026-01-11 01:02:46
TXN-1230,U166,P104,306.96,1,2026-01-09 01:02:46
TXN-1231,U005,P143,240.29,3,2025-12-25 01:02:46
TXN-1232,U149,P135,169.12,3,2026-01-19 01:02:46
TXN-1233,U002,P124,308.88,4,2026-01-12 01:02:46
TXN-1234,U118,P110,132.99,1,2026-01-05 01:02:46
TXN-1235,U057,P108,234.62,2,2026-01-20 01:02:46
TXN-1236,U183,P118,295.72,1,2026-01-18 01:02:46
TXN-1237,U134,P121,201.91,1,2026-01-04 01:02:46
TXN-1238,U168,P123,227.92,2,2026-01-17 01:02:46
TXN-1239,U022,P102,15.68,1,2026-01-08 01:02:46
TXN-1240,U073,P104,235.0,3,2025-12-28 01:02:46
TXN-1241,U136,P145,44.86,1,2026-01-15 01:02:46
TXN-1242,U101,P144,147.73,4,2026-01-15 01:02:46
TXN-1243,U066,P133,368.11,4,2026-01-15 01:02:46
TXN-1244,U104,P146,412.41,3,2026-01-08 01:02:46
TXN-1245,U095,P122,209.66,5,2025-12-24 01:02:46
TXN-1246,U004,P115,242.25,1,2026-01-16 01:02:46
TXN-1247,U147,P127,327.21,3,2025-12-27 01:02:46
TXN-1248,U119,P119,206.75,5,2025-12-24 01:02:46
TXN-1249,U054,P139,45.42,2,2026-01-19 01:02:46
TXN-1250,U193,P124,300.79,2,2025-12-26 01:02:46
TXN-1251,U178,P137,286.35,5,2026-01-10 01:02:46
TXN-1252,U164,P102,250.55,3,2025-12-28 01:02:46
TXN-1253,U031,P103,286.27,1,2025-12-26 01:02:46
TXN-1254,U173,P107,175.09,3,2025-12-22 01:02:46
TXN-1255,U023,P136,108.65,5,2025-12-30 01:02:46
TXN-1256,U160,P147,444.14,3,2026-01-07 01:02:46
TXN-1257,U079,P143,210.08,1,2025-12-30 01:02:46
TXN-1258,U007,P126,328.24,3,2025-12-25 01:02:46
TXN-1259,U039,P130,491.3,1,2026-01-08 01:02:46
TXN-1260,U121,P120,169.38,3,2026-01-17 01:02:46
TXN-1261,U195,P116,451.49,2,2026-01-16 01:02:46
TXN-1262,U014,P126,235.16,4,2025-12-23 01:02:46
TXN-1263,U131,P147,396.02,3,2026-01-20 01:02:46
TXN-1264,U046,P135,349.5,5,2026-01-10 01:02:46
TXN-1265,U146,P110,331.08,4,2026-01-06 01:02:46
TXN-1266,U047,P125,20.08,4,2026-01-10 01:02:46
TXN-1267,U153,P123,165.47,3,2025-12-22 01:02:46
TXN-1268,U040,P147,45.35,4,2025-12-25 01:02:46
TXN-1269,U062,P147,194.73,4,2026-01-03 01:02:46
TXN-1270,U052,P142,74.04,1,2026-01-19 01:02:46
TXN-1271,,P116,363.24,4,2025-12-30 01:02:46
TXN-1272,U104,P135,479.89,1,2026-01-12 01:02:46
TXN-1273,U127,P106,355.31,4,2026-01-03 01:02:46
TXN-1274,U074,P128,292.42,3,2025-12-21 01:02:46
TXN-1275,U047,P109,411.82,3,2026-01-08 01:02:46
TXN-1276,U066,P103,293.84,1,2026-01-02 01:02:46
TXN-1277,U009,P104,33.14,3,2026-01-02 01:02:46
TXN-1278,U106,P114,384.58,5,2026-01-06 01:02:46
TXN-1279,U192,P105,317.41,2,2026-01-20 01:02:46
TXN-1280,U081,P137,17.85,3,2025-12-24 01:02:46
TXN-1281,U047,P128,275.67,4,2026-01-16 01:02:46
TXN-1282,U082,P138,165.1,3,2026-01-18 01:02:46
TXN-1283,U160,P105,152.31,2,2026-01-16 01:02:46
TXN-1284,U176,P124,388.27,2,2026-01-18 01:02:46
TXN-1285,U192,P102,27.08,2,2026-01-04 01:02:46
TXN-1286,U171,P120,190.0,3,2025-12-30 01:02:46
TXN-1287,U168,P135,13.58,5,2025-12-21 01:02:46
TXN-1288,U074,P149,112.3,5,2026-01-04 01:02:46
TXN-1289,U184,P137,344.54,3,2025-12-21 01:02:46
TXN-1290,U127,P130,331.21,4,2026-01-16 01:02:46
TXN-1291,U122,P112,443.37,3,2025-12-25 01:02:46
TXN-1292,U053,P146,27.83,5,2026-01-16 01:02:46
TXN-1293,,P104,232.08,5,2026-01-06 01:02:46
TXN-1294,U093,P122,338.89,1,2026-01-18 01:02:46
TXN-1295,U089,P144,151.05,5,2026-01-04 01:02:46
TXN-1296,U077,P140,144.62,1,2025-12-26 01:02:46
TXN-1297,U008,P106,62.11,3,2026-01-08 01:02:46
TXN-1298,U031,P147,230.87,4,2026-01-18 01:02:46
TXN-1299,U160,P139,189.72,3,2025-12-30 01:02:46
TXN-1300,U119,P140,455.16,5,2026-01-02 01:02:46
TXN-1301,U057,P148,290.85,4,2026-01-13 01:02:46
TXN-1302,U101,P127,297.56,4,2026-01-04 01:02:46
TXN-1303,U078,P145,149.22,2,2026-01-10 01:02:46
TXN-1304,U163,P113,74.53,4,2026-01-12 01:02:46
TXN-1305,U191,P120,74.1,2,2026-01-02 01:02:46
TXN-1306,U056,P120,185.42,5,2026-01-17 01:02:46
TXN-1307,U081,P120,437.88,1,2025-12-30 01:02:46
TXN-1308,U109,P108,216.48,1,2026-01-18 01:02:46
TXN-1309,U174,P149,219.41,2,2026-01-04 01:02:46
TXN-1310,U077,P128,,4,2026-01-20 01:02:46
TXN-1311,U181,P149,376.08,5,2026-01-12 01:02:46
TXN-1312,U119,P139,360.43,5,2026-01-12 01:02:46
TXN-1313,U069,P116,400.94,5,2025-12-25 01:02:46
TXN-1314,U196,P143,320.81,2,2026-01-18 01:02:46
TXN-1315,U157,P102,162.08,2,2026-01-18 01:02:46
TXN-1316,U156,P135,399.52,3,2025-12-31 01:02:46
TXN-1317,U190,P107,131.08,1,2026-01-11 01:02:46
TXN-1318,U082,P116,325.8,2,2025-12-29 01:02:46
TXN-1319,U001,P125,190.63,3,2026-01-16 01:02:46
TXN-1320,U180,P121,435.74,4,2026-01-19 01:02:46
TXN-1321,U135,P126,348.62,4,2026-01-05 01:02:46
TXN-1322,U033,P127,119.9,3,2026-01-10 01:02:46
TXN-1323,U087,P144,336.48,5,2026-01-01 01:02:46
TXN-1324,U079,P140,155.17,2,2025-12-28 01:02:46
TXN-1325,U060,P102,91.1,3,2026-01-05 01:02:46
TXN-1326,U105,P141,17.5,4,2025-12-27 01:02:46
TXN-1327,U114,P111,356.97,1,2025-12-31 01:02:46
TXN-1328,U161,P139,51.95,2,2026-01-15 01:02:46
TXN-1329,U080,P144,18.03,5,2025-12-26 01:02:46
TXN-1330,U134,P122,ERROR_VAL,4,2026-01-05 01:02:46
TXN-1331,U127,P144,369.13,5,2025-12-31 01:02:46
TXN-1332,U149,P137,491.48,5,2026-01-20 01:02:46
TXN-1333,U187,P119,267.09,1,2026-01-03 01:02:46
TXN-1334,U121,P109,487.56,4,2026-01-19 01:02:46
TXN-1335,U194,P131,69.55,1,2025-12-27 01:02:46
TXN-1336,,P148,391.95,4,2026-01-18 01:02:46
TXN-1337,U147,P107,492.37,4,2025-12-26 01:02:46
TXN-1338,U186,P141,299.94,4,2025-12-24 01:02:46
TXN-1339,U107,P122,243.33,2,2026-01-13 01:02:46
TXN-1340,U131,P122,51.28,3,2026-01-05 01:02:46
TXN-1341,U098,P150,221.74,3,2026-01-17 01:02:46
TXN-1342,U058,P132,335.8,3,2026-01-19 01:02:46
TXN-1343,,P138,49.52,2,2025-12-29 01:02:46
TXN-1344,U168,P131,452.47,1,2026-01-13 01:02:46
TXN-1345,U029,P119,466.78,3,2026-01-07 01:02:46
TXN-1346,U111,P103,13.74,3,2026-01-07 01:02:46
TXN-1347,U165,P147,37.0,4,2026-01-13 01:02:46
TXN-1348,U077,P108,339.98,3,2026-01-04 01:02:46
TXN-1349,U063,P101,322.7,3,2025-12-30 01:02:46
TXN-1350,U119,P112,496.96,4,2026-01-11 01:02:46
TXN-1351,U158,P144,392.34,1,2025-12-25 01:02:46
TXN-1352,U084,P128,217.16,1,2025-12-30 01:02:46
TXN-1353,U001,P107,319.88,4,2025-12-23 01:02:46
TXN-1354,U023,P124,478.86,2,2026-01-03 01:02:46
TXN-1355,U031,P113,ERROR_VAL,2,2026-01-04 01:02:46
TXN-1356,U054,P135,149.69,1,2025-12-31 01:02:46
TXN-1357,U077,P101,266.36,2,2025-12-30 01:02:46
TXN-1358,U099,P134,362.72,1,2026-01-18 01:02:46
TXN-1359,U200,P147,47.01,4,2026-01-20 01:02:46
TXN-1360,U171,P141,16.82,3,2026-01-01 01:02:46
TXN-1361,U122,P110,436.56,2,2026-01-14 01:02:46
TXN-1362,U079,P133,264.82,5,2026-01-10 01:02:46
TXN-1363,U027,P127,186.99,2,2026-01-01 01:02:46
TXN-1364,U150,P131,267.89,4,2025-12-22 01:02:46
TXN-1365,U086,P115,153.09,5,2026-01-15 01:02:46
TXN-1366,U019,P133,495.58,3,2026-01-15 01:02:46
TXN-1367,U075,P133,226.05,5,2026-01-11 01:02:46
TXN-1368,U128,P116,450.43,2,2026-01-09 01:02:46
TXN-1369,U042,P123,22.11,3,2026-01-08 01:02:46
TXN-1370,U025,P103,499.09,2,2026-01-07 01:02:46
TXN-1371,U102,P128,471.62,3,2025-12-21 01:02:46
TXN-1372,U013,P105,278.39,5,2025-12-23 01:02:46
TXN-1373,U156,P150,361.46,2,2025-12-30 01:02:46
TXN-1374,U060,P123,78.04,5,2026-01-19 01:02:46
TXN-1375,U157,P129,299.42,5,2025-12-23 01:02:46
TXN-1376,U040,P107,377.85,3,2025-12-27 01:02:46
TXN-1377,U049,P125,491.64,4,2026-01-10 01:02:46
TXN-1378,U133,P105,,2,2026-01-06 01:02:46
TXN-1379,U026,P113,33.07,1,2025-12-31 01:02:46
TXN-1380,U021,P141,236.96,5,2026-01-10 01:02:46
TXN-1381,U021,P150,343.44,2,2026-01-07 01:02:46
TXN-1382,U028,P124,408.42,3,2025-12-26 01:02:46
TXN-1383,U199,P118,251.7,2,2026-01-16 01:02:46
TXN-1384,U154,P107,256.4,3,2026-01-11 01:02:46
TXN-1385,U079,P112,138.12,2,2026-01-19 01:02:46
TXN-1386,U071,P126,325.96,5,2026-01-06 01:02:46
TXN-1387,U192,P109,359.5,3,2025-12-28 01:02:46
TXN-1388,U120,P122,455.31,3,2026-01-19 01:02:46
TXN-1389,U192,P134,142.57,2,2026-01-06 01:02:46
TXN-1390,U079,P143,470.77,1,2025-12-25 01:02:46
TXN-1391,U037,P104,154.4,3,2026-01-15 01:02:46
TXN-1392,U017,P132,326.01,2,2025-12-24 01:02:46
TXN-1393,U045,P137,239.01,1,2025-12-23 01:02:46
TXN-1394,,P130,271.85,5,2026-01-03 01:02:46
TXN-1395,U016,P128,231.38,4,2026-01-01 01:02:46
TXN-1396,U028,P144,90.63,2,2025-12-21 01:02:46
TXN-1397,U101,P113,254.54,4,2025-12-29 01:02:46
TXN-1398,U017,P138,269.1,2,2026-01-20 01:02:46
TXN-1399,U085,P104,326.87,5,2025-12-31 01:02:46
TXN-1400,U035,P142,22.97,1,2026-01-10 01:02:46
TXN-1401,U028,P122,381.39,3,2026-01-02 01:02:46
TXN-1402,U024,P120,119.54,4,2026-01-05 01:02:46
TXN-1403,U185,P118,173.71,3,2026-01-14 01:02:46
TXN-1404,U110,P134,101.91,5,2026-01-14 01:02:46
TXN-1405,U018,P144,105.2,5,2026-01-18 01:02:46
TXN-1406,U082,P113,311.77,2,2026-01-09 01:02:46
TXN-1407,U195,P136,468.14,99,2025-12-22 01:02:46
TXN-1408,U011,P141,90.75,2,2026-01-04 01:02:46
TXN-1409,U180,P121,434.61,1,2025-12-26 01:02:46
TXN-1410,U182,P101,342.57,3,2025-12-23 01:02:46
TXN-1411,U120,P135,155.03,1,2026-01-04 01:02:46
TXN-1412,U029,P106,362.91,2,2026-01-12 01:02:46
TXN-1413,U153,P103,31.64,4,2026-01-04 01:02:46
TXN-1414,U073,P134,126.91,5,2026-01-18 01:02:46
TXN-1415,U136,P150,,4,2025-12-24 01:02:46
TXN-1416,U029,P132,69.05,4,2026-01-09 01:02:46
TXN-1417,U006,P114,198.54,5,2026-01-01 01:02:46
TXN-1418,U013,P127,430.94,4,2026-01-17 01:02:46
TXN-1419,U150,P113,133.58,2,2026-01-01 01:02:46
TXN-1420,U179,P122,38.86,5,2026-01-16 01:02:46
TXN-1421,U075,P123,21.48,1,2026-01-17 01:02:46
TXN-1422,U185,P138,67.28,4,2026-01-10 01:02:46
TXN-1423,U150,P113,220.38,4,2026-01-08 01:02:46
TXN-1424,U198,P134,188.87,3,2026-01-19 01:02:46
TXN-1425,U041,P121,237.52,5,2025-12-29 01:02:46
TXN-1426,U135,P135,ERROR_VAL,1,2025-12-31 01:02:46
TXN-1427,U139,P108,214.13,2,2026-01-11 01:02:46
TXN-1428,U153,P112,436.01,3,2025-12-25 01:02:46
TXN-1429,U042,P119,490.51,2,2026-01-14 01:02:46
TXN-1430,U107,P104,426.56,2,2025-12-23 01:02:46
TXN-1431,U070,P101,393.08,5,2025-12-22 01:02:46
TXN-1432,U104,P148,478.34,3,2026-01-01 01:02:46
TXN-1433,U021,P101,338.78,2,2026-01-14 01:02:46
TXN-1434,U095,P147,138.34,1,2026-01-20 01:02:46
TXN-1435,U167,P140,475.46,1,2026-01-17 01:02:46
TXN-1436,U118,P122,228.98,5,2026-01-12 01:02:46
TXN-1437,U010,P103,,2,2025-12-30 01:02:46
TXN-1438,U061,P150,108.0,5,2026-01-08 01:02:46
TXN-1439,U138,P112,480.33,1,2026-01-03 01:02:46
TXN-1440,U157,P135,431.83,5,2026-01-08 01:02:46
TXN-1441,U054,P130,276.64,1,2025-12-30 01:02:46
TXN-1442,U110,P130,35.66,4,2026-01-17 01:02:46
TXN-1443,U128,P106,452.47,2,2026-01-07 01:02:46
TXN-1444,U025,P135,155.57,2,2026-01-14 01:02:46
TXN-1445,U154,P119,163.68,1,2026-01-18 01:02:46
TXN-1446,U054,P117,353.12,3,2026-01-18 01:02:46
TXN-1447,U008,P111,258.74,2,2025-12-28 01:02:46
TXN-1448,U001,P131,376.76,4,2026-01-05 01:02:46
TXN-1449,U037,P133,291.72,2,2026-01-12 01:02:46
TXN-1450,U107,P126,168.15,3,2026-01-19 01:02:46
TXN-1451,U131,P136,422.14,1,2026-01-03 01:02:46
TXN-1452,U051,P135,250.75,5,2025-12-29 01:02:46
TXN-1453,U042,P116,187.3,4,2026-01-05 01:02:46
TXN-1454,U179,P144,,1,2026-01-17 01:02:46
TXN-1455,U148,P129,449.89,1,2025-12-27 01:02:46
TXN-1456,U068,P115,213.44,2,2025-12-30 01:02:46
TXN-1457,U101,P109,290.98,2,2026-01-06 01:02:46
TXN-1458,U062,P103,196.2,5,2025-12-22 01:02:46
TXN-1459,U164,P107,280.81,1,2026-01-13 01:02:46
TXN-1460,,P119,90.67,5,2025-12-27 01:02:46
TXN-1461,U003,P139,352.64,4,2026-01-01 01:02:46
TXN-1462,U018,P107,109.24,5,2026-01-08 01:02:46
TXN-1463,U053,P139,80.69,99,2026-01-14 01:02:46
TXN-1464,U200,P133,65.45,2,2026-01-18 01:02:46
TXN-1465,U169,P145,269.09,1,2026-01-12 01:02:46
TXN-1466,U094,P114,299.61,1,2026-01-18 01:02:46
TXN-1467,U098,P101,474.07,5,2026-01-13 01:02:46
TXN-1468,U067,P111,477.86,1,2025-12-27 01:02:46
TXN-1469,U121,P116,463.59,2,2025-12-22 01:02:46
TXN-1470,U155,P140,121.49,5,2025-12-25 01:02:46
TXN-1471,U175,P101,268.46,2,2026-01-04 01:02:46
TXN-1472,U060,P128,326.76,4,2026-01-13 01:02:46
TXN-1473,U092,P120,152.35,3,2026-01-03 01:02:46
TXN-1474,U184,P140,28.76,2,2025-12-23 01:02:46
TXN-1475,U004,P124,284.07,2,2026-01-14 01:02:46
TXN-1476,U176,P110,159.49,5,2026-01-07 01:02:46
TXN-1477,U172,P142,239.67,3,2026-01-04 01:02:46
TXN-1478,U048,P145,29.7,1,2026-01-09 01:02:46
TXN-1479,U061,P146,376.84,2,2026-01-16 01:02:46
TXN-1480,U013,P118,208.66,2,2026-01-15 01:02:46
TXN-1481,U031,P131,485.09,4,2026-01-20 01:02:46
TXN-1482,U189,P123,52.54,5,2026-01-11 01:02:46
TXN-1483,U115,P127,141.46,2,2026-01-06 01:02:46
TXN-1484,U031,P129,101.1,1,2026-01-01 01:02:46
TXN-1485,U120,P111,30.77,4,2025-12-22 01:02:46
TXN-1486,U053,P105,419.23,5,2026-01-18 01:02:46
TXN-1487,U014,P129,54.09,4,2025-12-23 01:02:46
TXN-1488,U013,P131,214.69,5,2026-01-06 01:02:46
TXN-1489,U072,P124,70.08,4,2026-01-01 01:02:46
TXN-1490,U183,P139,110.26,1,2025-12-28 01:02:46
TXN-1491,U100,P136,457.58,5,2026-01-12 01:02:46
TXN-1492,U114,P111,316.5,3,2026-01-01 01:02:46
TXN-1493,U190,P150,155.6,2,2026-01-11 01:02:46
TXN-1494,U098,P134,99.69,4,2026-01-17 01:02:46
TXN-1495,U100,P143,288.04,4,2026-01-04 01:02:46
TXN-1496,U009,P111,414.33,4,2026-01-17 01:02:46
TXN-1497,U103,P110,450.63,4,2025-12-26 01:02:46
TXN-1498,U150,P127,241.15,1,2025-12-21 01:02:46
TXN-1499,U040,P101,429.77,4,2026-01-03 01:02:46
TXN-1500,U069,P138,328.4,1,2026-01-08 01:02:46
TXN-1501,U184,P125,97.97,5,2026-01-10 01:02:46
TXN-1502,U026,P146,99.8,1,2026-01-10 01:02:46
TXN-1503,U109,P145,66.02,1,2026-01-19 01:02:46
TXN-1504,U125,P110,210.53,1,2026-01-13 01:02:46
TXN-1505,U167,P107,354.85,3,2025-12-31 01:02:46
TXN-1506,U069,P137,29.63,2,2025-12-29 01:02:46
TXN-1507,U131,P149,123.3,5,2026-01-03 01:02:46
TXN-1508,U128,P149,348.02,1,2026-01-08 01:02:46
TXN-1509,U143,P116,255.65,1,2025-12-21 01:02:46
TXN-1510,U138,P145,319.14,5,2025-12-24 01:02:46
TXN-1511,U020,P136,415.76,5,2025-12-22 01:02:46
TXN-1512,U112,P118,370.51,4,2026-01-17 01:02:46
TXN-1513,U093,P116,151.33,1,2025-12-28 01:02:46
TXN-1514,U083,P107,339.48,5,2026-01-01 01:02:46
TXN-1515,U174,P142,335.03,5,2026-01-11 01:02:46
TXN-1516,U086,P128,108.59,3,2025-12-24 01:02:46
TXN-1517,U084,P107,127.31,2,2025-12-30 01:02:46
TXN-1518,U177,P144,37.21,3,2025-12-21 01:02:46
TXN-1519,U157,P105,335.29,5,2025-12-28 01:02:46
TXN-1520,U180,P101,426.6,99,2026-01-13 01:02:46
TXN-1521,U055,P147,214.02,3,2025-12-22 01:02:46
TXN-1522,U016,P140,298.89,3,2026-01-15 01:02:46
TXN-1523,U052,P121,61.77,1,2026-01-03 01:02:46
TXN-1524,U106,P143,19.45,4,2025-12-28 01:02:46
TXN-1525,U041,P137,468.99,4,2026-01-13 01:02:46
TXN-1526,U052,P109,436.51,5,2026-01-03 01:02:46
TXN-1527,U121,P115,272.52,4,2025-12-29 01:02:46
TXN-1528,U178,P150,11.46,2,2026-01-02 01:02:46
TXN-1529,U015,P142,371.7,5,2026-01-17 01:02:46
TXN-1530,U120,P108,431.06,4,2025-12-25 01:02:46
TXN-1531,U123,P112,340.82,5,2025-12-23 01:02:46
TXN-1532,U020,P114,400.07,2,2026-01-04 01:02:46
TXN-1533,U089,P105,49.81,2,2025-12-25 01:02:46
TXN-1534,U106,P111,273.67,1,2026-01-02 01:02:46
TXN-1535,U113,P134,46.65,2,2025-12-22 01:02:46
TXN-1536,U088,P109,201.61,3,2026-01-04 01:02:46
TXN-1537,U167,P120,152.47,3,2025-12-23 01:02:46
TXN-1538,U004,P108,45.83,2,2025-12-28 01:02:46
TXN-1539,U186,P145,72.83,2,2026-01-01 01:02:46
TXN-1540,U150,P111,249.33,4,2025-12-23 01:02:46
TXN-1541,U186,P142,279.86,4,2026-01-07 01:02:46
TXN-1542,U087,P126,372.13,1,2026-01-09 01:02:46
TXN-1543,U058,P125,403.13,5,2026-01-16 01:02:46
TXN-1544,U017,P149,121.45,2,2026-01-18 01:02:46
TXN-1545,U112,P128,449.64,2,2026-01-01 01:02:46
TXN-1546,U128,P141,125.14,2,2026-01-15 01:02:46
TXN-1547,U008,P102,255.19,2,2025-12-23 01:02:46
TXN-1548,U116,P106,465.72,4,2025-12-22 01:02:46
TXN-1549,U028,P123,349.27,5,2025-12-24 01:02:46
TXN-1550,U127,P108,442.25,4,2026-01-14 01:02:46
TXN-1551,U081,P101,323.72,1,2026-01-16 01:02:46
TXN-1552,U067,P104,486.31,4,2026-01-17 01:02:46
TXN-1553,U097,P111,484.41,5,2026-01-17 01:02:46
TXN-1554,U001,P119,86.06,1,2026-01-11 01:02:46
TXN-1555,U179,P102,427.0,1,2026-01-14 01:02:46
TXN-1556,U098,P109,356.09,99,2026-01-11 01:02:46
TXN-1557,U029,P146,325.58,5,2025-12-24 01:02:46
TXN-1558,U123,P113,440.27,3,2026-01-10 01:02:46
TXN-1559,U085,P132,16.69,1,2025-12-24 01:02:46
TXN-1560,U025,P121,34.98,1,2025-12-29 01:02:46
TXN-1561,U147,P141,93.04,1,2026-01-11 01:02:46
TXN-1562,U092,P111,41.13,2,2026-01-20 01:02:46
TXN-1563,U033,P125,499.51,1,2026-01-13 01:02:46
TXN-1564,U197,P141,245.49,5,2026-01-10 01:02:46
TXN-1565,U081,P123,125.53,1,2025-12-28 01:02:46
TXN-1566,U198,P149,315.18,5,2026-01-20 01:02:46
TXN-1567,U186,P140,223.81,5,2025-12-30 01:02:46
TXN-1568,U037,P125,180.13,1,2026-01-08 01:02:46
TXN-1569,U191,P125,26.26,1,2026-01-14 01:02:46
TXN-1570,U157,P150,113.72,5,2026-01-08 01:02:46
TXN-1571,U096,P144,485.52,2,2026-01-02 01:02:46
TXN-1572,U182,P127,342.75,4,2025-12-30 01:02:46
TXN-1573,U176,P135,328.3,99,2026-01-18 01:02:46
TXN-1574,U046,P102,319.16,99,2026-01-19 01:02:46
TXN-1575,U126,P144,119.82,2,2026-01-15 01:02:46
TXN-1576,U045,P126,400.74,3,2026-01-10 01:02:46
TXN-1577,U009,P107,96.45,4,2026-01-19 01:02:46
TXN-1578,U110,P108,480.26,4,2026-01-11 01:02:46
TXN-1579,U157,P132,240.1,2,2025-12-30 01:02:46
TXN-1580,U144,P104,212.71,2,2026-01-02 01:02:46
TXN-1581,U101,P129,363.16,5,2025-12-26 01:02:46
TXN-1582,U087,P104,353.61,1,2026-01-09 01:02:46
TXN-1583,U160,P150,170.51,5,2026-01-20 01:02:46
TXN-1584,U012,P140,314.52,4,2026-01-14 01:02:46
TXN-1585,U164,P121,338.13,1,2025-12-22 01:02:46
TXN-1586,U020,P104,187.64,1,2025-12-28 01:02:46
TXN-1587,U174,P141,330.43,5,2026-01-02 01:02:46
TXN-1588,U094,P146,429.73,3,2026-01-11 01:02:46
TXN-1589,U022,P145,51.81,5,2026-01-13 01:02:46
TXN-1590,U189,P116,176.25,4,2026-01-02 01:02:46
TXN-1591,U165,P107,68.28,2,2025-12-21 01:02:46
TXN-1592,U031,P130,231.71,4,2026-01-04 01:02:46
TXN-1593,U093,P123,159.91,4,2026-01-08 01:02:46
TXN-1594,U051,P116,108.63,1,2026-01-19 01:02:46
TXN-1595,U182,P118,61.17,1,2025-12-27 01:02:46
TXN-1596,U165,P139,90.78,3,2026-01-16 01:02:46
TXN-1597,U079,P120,261.74,4,2026-01-11 01:02:46
TXN-1598,U009,P143,453.31,4,2025-12-22 01:02:46
TXN-1599,U197,P125,308.16,1,2025-12-23 01:02:46
TXN-1600,U114,P120,346.64,3,2025-12-28 01:02:46
TXN-1601,U198,P146,140.16,3,2026-01-06 01:02:46
TXN-1602,U152,P149,57.69,4,2026-01-08 01:02:46
TXN-1603,U070,P150,461.63,2,2026-01-20 01:02:46
TXN-1604,U138,P104,379.82,5,2025-12-26 01:02:46
TXN-1605,U124,P127,387.18,5,2026-01-20 01:02:46
TXN-1606,U188,P110,72.05,4,2026-01-07 01:02:46
TXN-1607,U181,P114,283.45,5,2025-12-24 01:02:46
TXN-1608,,P146,29.57,4,2026-01-09 01:02:46
TXN-1609,U200,P110,27.69,1,2025-12-30 01:02:46
TXN-1610,U084,P104,386.15,2,2026-01-11 01:02:46
TXN-1611,U193,P150,361.37,1,2026-01-01 01:02:46
TXN-1612,U026,P147,317.15,2,2026-01-12 01:02:46
TXN-1613,U127,P123,56.53,4,2026-01-15 01:02:46
TXN-1614,U088,P123,296.44,1,2025-12-31 01:02:46
TXN-1615,U183,P113,208.04,4,2025-12-21 01:02:46
TXN-1616,U146,P150,380.09,2,2026-01-13 01:02:46
TXN-1617,U023,P149,69.43,1,2026-01-02 01:02:46
TXN-1618,U047,P142,487.46,4,2026-01-08 01:02:46
TXN-1619,U071,P144,464.11,2,2026-01-04 01:02:46
TXN-1620,U020,P140,127.13,5,2026-01-13 01:02:46
TXN-1621,U149,P118,226.33,4,2026-01-13 01:02:46
TXN-1622,U059,P127,71.69,2,2026-01-03 01:02:46
TXN-1623,U087,P135,243.61,4,2025-12-28 01:02:46
TXN-1624,U084,P124,477.88,5,2025-12-21 01:02:46
TXN-1625,U048,P140,476.91,3,2025-12-24 01:02:46
TXN-1626,U199,P114,44.03,5,2026-01-08 01:02:46
TXN-1627,U110,P113,150.39,3,2025-12-31 01:02:46
TXN-1628,U088,P148,93.83,5,2026-01-15 01:02:46
TXN-1629,U022,P123,336.45,5,2026-01-02 01:02:46
TXN-1630,U035,P123,86.72,5,2026-01-16 01:02:46
TXN-1631,U071,P126,63.03,4,2026-01-15 01:02:46
TXN-1632,U090,P132,403.78,4,2025-12-25 01:02:46
TXN-1633,U132,P102,97.51,4,2026-01-03 01:02:46
TXN-1634,U103,P128,338.69,1,2026-01-16 01:02:46
TXN-1635,U113,P103,78.62,3,2026-01-20 01:02:46
TXN-1636,U165,P141,438.47,1,2025-12-22 01:02:46
TXN-1637,U163,P150,425.66,4,2026-01-16 01:02:46
TXN-1638,U037,P146,416.89,4,2026-01-07 01:02:46
TXN-1639,U061,P141,263.75,3,2025-12-31 01:02:46
TXN-1640,U163,P125,137.2,3,2026-01-09 01:02:46
TXN-1641,U146,P142,120.13,1,2025-12-30 01:02:46
TXN-1642,U021,P149,467.55,99,2026-01-13 01:02:46
TXN-1643,U006,P140,159.11,2,2026-01-16 01:02:46
TXN-1644,U139,P103,138.97,3,2026-01-03 01:02:46
TXN-1645,U093,P150,299.19,1,2026-01-04 01:02:46
TXN-1646,U185,P107,351.48,5,2025-12-22 01:02:46
TXN-1647,U053,P140,351.65,5,2025-12-28 01:02:46
TXN-1648,U089,P111,241.83,1,2026-01-18 01:02:46
TXN-1649,U062,P102,438.91,4,2026-01-10 01:02:46
TXN-1650,U116,P145,88.06,2,2025-12-27 01:02:46
TXN-1651,U170,P103,89.72,3,2026-01-16 01:02:46
TXN-1652,U123,P107,447.0,3,2026-01-02 01:02:46
TXN-1653,U172,P138,413.3,4,2026-01-05 01:02:46
TXN-1654,U077,P124,486.09,5,2025-12-28 01:02:46
TXN-1655,U106,P104,444.12,4,2026-01-03 01:02:46
TXN-1656,U162,P101,258.14,1,2025-12-28 01:02:46
TXN-1657,U010,P108,390.1,1,2025-12-29 01:02:46
TXN-1658,U030,P120,423.17,3,2026-01-06 01:02:46
TXN-1659,U114,P133,75.94,4,2026-01-20 01:02:46
TXN-1660,U045,P135,269.35,2,2026-01-14 01:02:46
TXN-1661,U053,P105,86.47,5,2026-01-20 01:02:46
TXN-1662,U061,P111,143.47,1,2025-12-27 01:02:46
TXN-1663,U094,P141,355.75,1,2026-01-14 01:02:46
TXN-1664,U058,P108,35.8,2,2025-12-25 01:02:46
TXN-1665,U155,P126,156.92,4,2026-01-07 01:02:46
TXN-1666,U125,P142,258.9,2,2026-01-19 01:02:46
TXN-1667,U120,P123,301.03,5,2025-12-27 01:02:46
TXN-1668,U120,P130,214.06,1,2026-01-08 01:02:46
TXN-1669,U186,P140,16.96,4,2026-01-17 01:02:46
TXN-1670,U132,P137,86.85,4,2026-01-06 01:02:46
TXN-1671,U158,P146,85.65,1,2026-01-11 01:02:46
TXN-1672,U074,P114,374.0,4,2025-12-25 01:02:46
TXN-1673,U106,P131,241.02,1,2025-12-31 01:02:46
TXN-1674,U098,P105,56.48,5,2025-12-28 01:02:46
TXN-1675,U153,P130,135.84,5,2026-01-06 01:02:46
TXN-1676,U181,P118,346.48,1,2025-12-24 01:02:46
TXN-1677,U075,P127,161.36,5,2026-01-02 01:02:46
TXN-1678,U071,P104,ERROR_VAL,4,2026-01-06 01:02:46
TXN-1679,U072,P102,243.51,4,2025-12-25 01:02:46
TXN-1680,U070,P117,63.92,4,2026-01-03 01:02:46
TXN-1681,U146,P145,349.66,4,2026-01-02 01:02:46
TXN-1682,U069,P105,174.74,5,2026-01-02 01:02:46
TXN-1683,U027,P113,350.8,1,2026-01-12 01:02:46
TXN-1684,U059,P111,64.18,3,2025-12-31 01:02:46
TXN-1685,U131,P125,112.08,1,2025-12-29 01:02:46
TXN-1686,U161,P114,260.85,3,2026-01-16 01:02:46
TXN-1687,U014,P123,409.78,5,2025-12-23 01:02:46
TXN-1688,U131,P134,412.4,2,2025-12-24 01:02:46
TXN-1689,U104,P106,38.49,2,2026-01-20 01:02:46
TXN-1690,U122,P142,150.73,3,2026-01-06 01:02:46
TXN-1691,U181,P121,303.62,4,2026-01-05 01:02:46
TXN-1692,U111,P134,93.77,5,2025-12-25 01:02:46
TXN-1693,U136,P122,369.86,2,2026-01-06 01:02:46
TXN-1694,U129,P150,471.36,2,2026-01-12 01:02:46
TXN-1695,U199,P146,44.94,3,2025-12-27 01:02:46
TXN-1696,U074,P110,469.17,3,2026-01-01 01:02:46
TXN-1697,U012,P109,60.04,2,2026-01-18 01:02:46
TXN-1698,U063,P141,173.16,1,2026-01-11 01:02:46
TXN-1699,U087,P137,443.73,5,2026-01-10 01:02:46
TXN-1700,U173,P106,329.44,4,2025-12-22 01:02:46
TXN-1701,U113,P103,378.9,3,2026-01-08 01:02:46
TXN-1702,U030,P143,23.42,3,2026-01-20 01:02:46
TXN-1703,U142,P103,478.45,2,2025-12-30 01:02:46
TXN-1704,U097,P108,236.93,2,2026-01-19 01:02:46
TXN-1705,U120,P104,365.98,5,2026-01-07 01:02:46
TXN-1706,U107,P134,165.93,1,2026-01-04 01:02:46
TXN-1707,U096,P135,455.33,4,2026-01-19 01:02:46
TXN-1708,U142,P122,292.32,4,2025-12-21 01:02:46
TXN-1709,U110,P145,390.01,5,2026-01-10 01:02:46
TXN-1710,U061,P104,377.75,5,2025-12-29 01:02:46
TXN-1711,U095,P132,167.42,1,2025-12-21 01:02:46
TXN-1712,U191,P104,297.94,5,2025-12-26 01:02:46
TXN-1713,U195,P123,283.46,1,2026-01-03 01:02:46
TXN-1714,U101,P132,366.78,4,2025-12-21 01:02:46
TXN-1715,U089,P136,248.62,4,2026-01-12 01:02:46
TXN-1716,U115,P106,83.48,2,2026-01-05 01:02:46
TXN-1717,U141,P111,271.88,4,2025-12-21 01:02:46
TXN-1718,U171,P107,453.58,2,2026-01-06 01:02:46
TXN-1719,U037,P125,442.73,99,2026-01-18 01:02:46
TXN-1720,U131,P106,175.87,4,2025-12-26 01:02:46
TXN-1721,U080,P146,425.11,2,2026-01-09 01:02:46
TXN-1722,U073,P112,80.42,3,2026-01-03 01:02:46
TXN-1723,U091,P136,49.52,3,2025-12-27 01:02:46
TXN-1724,U017,P109,44.5,1,2025-12-25 01:02:46
TXN-1725,U062,P104,17.21,4,2026-01-19 01:02:46
TXN-1726,U135,P113,35.86,3,2026-01-06 01:02:46
TXN-1727,U189,P101,93.96,5,2026-01-10 01:02:46
TXN-1728,U057,P137,352.32,1,2025-12-25 01:02:46
TXN-1729,U131,P113,113.38,3,2025-12-28 01:02:46
TXN-1730,U131,P130,231.1,1,2026-01-13 01:02:46
TXN-1731,U057,P130,491.31,5,2026-01-06 01:02:46
TXN-1732,,P118,56.89,4,2026-01-04 01:02:46
TXN-1733,U200,P110,303.8,4,2025-12-24 01:02:46
TXN-1734,U006,P140,343.34,5,2026-01-02 01:02:46
TXN-1735,U127,P148,40.27,2,2025-12-30 01:02:46
TXN-1736,U187,P108,423.46,5,2026-01-20 01:02:46
TXN-1737,U012,P114,114.77,1,2026-01-19 01:02:46
TXN-1738,U051,P123,208.18,5,2026-01-14 01:02:46
TXN-1739,U194,P133,227.64,1,2026-01-01 01:02:46
TXN-1740,U185,P142,259.38,4,2026-01-05 01:02:46
TXN-1741,U009,P109,375.42,5,2026-01-03 01:02:46
TXN-1742,U192,P105,18.94,1,2025-12-29 01:02:46
TXN-1743,U050,P136,479.24,3,2026-01-11 01:02:46
TXN-1744,U151,P129,424.36,2,2026-01-08 01:02:46
TXN-1745,U081,P112,171.31,3,2025-12-23 01:02:46
TXN-1746,U009,P143,52.03,4,2026-01-17 01:02:46
TXN-1747,U159,P129,40.88,4,2026-01-09 01:02:46
TXN-1748,U143,P102,91.04,3,2026-01-10 01:02:46
TXN-1749,U100,P140,378.91,4,2026-01-20 01:02:46
TXN-1750,U041,P121,ERROR_VAL,3,2026-01-19 01:02:46
TXN-1751,U029,P138,19.67,1,2026-01-16 01:02:46
TXN-1752,U094,P114,170.08,4,2025-12-27 01:02:46
TXN-1753,U139,P144,332.94,1,2026-01-07 01:02:46
TXN-1754,U116,P109,276.12,4,2026-01-12 01:02:46
TXN-1755,U086,P102,420.17,4,2026-01-02 01:02:46
TXN-1756,U152,P126,188.67,5,2025-12-29 01:02:46
TXN-1757,U185,P139,334.67,3,2025-12-22 01:02:46
TXN-1758,U114,P118,205.67,1,2026-01-19 01:02:46
TXN-1759,U050,P111,395.41,5,2026-01-07 01:02:46
TXN-1760,U166,P144,19.58,4,2025-12-30 01:02:46
TXN-1761,U196,P116,299.35,3,2026-01-12 01:02:46
TXN-1762,U076,P127,266.93,2,2026-01-18 01:02:46
TXN-1763,U080,P113,353.04,2,2026-01-06 01:02:46
TXN-1764,U034,P150,121.57,2,2026-01-18 01:02:46
TXN-1765,U160,P112,221.11,1,2026-01-03 01:02:46
TXN-1766,U080,P145,483.18,1,2026-01-05 01:02:46
TXN-1767,U052,P108,151.99,4,2026-01-14 01:02:46
TXN-1768,U191,P128,105.02,5,2026-01-02 01:02:46
TXN-1769,U184,P140,231.93,5,2026-01-07 01:02:46
TXN-1770,U176,P102,137.41,3,2025-12-31 01:02:46
TXN-1771,U187,P134,312.47,2,2025-12-23 01:02:46
TXN-1772,U050,P148,369.7,5,2026-01-03 01:02:46
TXN-1773,U139,P128,18.63,3,2026-01-18 01:02:46
TXN-1774,U169,P120,230.94,4,2025-12-28 01:02:46
TXN-1775,U166,P143,495.04,5,2026-01-02 01:02:46
TXN-1776,U054,P122,187.76,1,2025-12-26 01:02:46
TXN-1777,U028,P107,446.58,5,2026-01-01 01:02:46
TXN-1778,U134,P127,164.9,2,2025-12-25 01:02:46
TXN-1779,U127,P116,437.21,5,2026-01-14 01:02:46
TXN-1780,U115,P125,226.74,1,2026-01-16 01:02:46
TXN-1781,U138,P106,42.6,4,2026-01-16 01:02:46
TXN-1782,U046,P102,30.35,3,2025-12-22 01:02:46
TXN-1783,U061,P148,425.5,3,2026-01-14 01:02:46
TXN-1784,U099,P119,301.27,1,2026-01-18 01:02:46
TXN-1785,U015,P101,161.78,2,2026-01-15 01:02:46
TXN-1786,U062,P124,182.06,4,2025-12-31 01:02:46
TXN-1787,U160,P114,199.65,5,2025-12-21 01:02:46
TXN-1788,U161,P116,17.76,1,2026-01-05 01:02:46
TXN-1789,U076,P121,191.45,4,2025-12-23 01:02:46
TXN-1790,U194,P105,86.42,1,2026-01-12 01:02:46
TXN-1791,U102,P115,240.85,5,2026-01-16 01:02:46
TXN-1792,U166,P146,82.01,3,2026-01-03 01:02:46
TXN-1793,U101,P111,24.28,5,2025-12-31 01:02:46
TXN-1794,U148,P137,215.48,2,2026-01-02 01:02:46
TXN-1795,U137,P109,109.82,2,2026-01-16 01:02:46
TXN-1796,U080,P130,332.32,1,2026-01-18 01:02:46
TXN-1797,U062,P145,266.46,99,2026-01-20 01:02:46
TXN-1798,U052,P142,325.22,3,2026-01-17 01:02:46
TXN-1799,U024,P120,80.0,1,2026-01-02 01:02:46
TXN-1800,U147,P123,82.68,4,2026-01-11 01:02:46
TXN-1801,U108,P137,348.84,5,2026-01-12 01:02:46
TXN-1802,U069,P118,180.33,4,2026-01-16 01:02:46
TXN-1803,U062,P110,156.56,4,2025-12-23 01:02:46
TXN-1804,U031,P131,379.5,3,2025-12-26 01:02:46
TXN-1805,U013,P122,ERROR_VAL,4,2026-01-08 01:02:46
TXN-1806,U152,P140,347.32,5,2025-12-25 01:02:46
TXN-1807,U134,P112,277.55,3,2025-12-29 01:02:46
TXN-1808,U191,P125,292.82,2,2026-01-16 01:02:46
TXN-1809,U188,P109,283.99,1,2025-12-28 01:02:46
TXN-1810,U012,P130,67.92,1,2025-12-24 01:02:46
TXN-1811,U132,P124,374.32,2,2026-01-11 01:02:46
TXN-1812,U173,P126,202.0,5,2026-01-03 01:02:46
TXN-1813,U190,P113,74.4,3,2026-01-18 01:02:46
TXN-1814,U199,P128,299.55,3,2026-01-18 01:02:46
TXN-1815,U159,P109,459.6,2,2026-01-20 01:02:46
TXN-1816,U030,P123,353.46,1,2025-12-31 01:02:46
TXN-1817,U194,P135,48.58,4,2026-01-10 01:02:46
TXN-1818,U079,P149,479.99,2,2026-01-10 01:02:46
TXN-1819,U130,P105,123.98,99,2026-01-05 01:02:46
TXN-1820,U154,P126,ERROR_VAL,4,2026-01-19 01:02:46
TXN-1821,U170,P132,307.92,1,2026-01-13 01:02:46
TXN-1822,U035,P140,255.28,3,2026-01-16 01:02:46
TXN-1823,U133,P115,31.45,2,2025-12-30 01:02:46
TXN-1824,U042,P133,235.92,2,2026-01-20 01:02:46
TXN-1825,U103,P105,194.92,5,2026-01-01 01:02:46
TXN-1826,U039,P107,487.13,4,2026-01-15 01:02:46
TXN-1827,U053,P101,115.34,2,2026-01-04 01:02:46
TXN-1828,U122,P134,367.09,1,2026-01-15 01:02:46
TXN-1829,U044,P106,154.66,5,2026-01-08 01:02:46
TXN-1830,U139,P120,486.23,5,2026-01-10 01:02:46
TXN-1831,U107,P143,453.22,3,2026-01-04 01:02:46
TXN-1832,U032,P131,180.34,3,2026-01-08 01:02:46
TXN-1833,U009,P150,372.03,5,2026-01-13 01:02:46
TXN-1834,U144,P147,293.46,5,2026-01-13 01:02:46
TXN-1835,U175,P131,151.63,1,2025-12-22 01:02:46
TXN-1836,U140,P139,492.03,3,2026-01-04 01:02:46
TXN-1837,U166,P140,471.65,5,2025-12-22 01:02:46
TXN-1838,U133,P129,388.78,3,2026-01-01 01:02:46
TXN-1839,U197,P131,97.64,2,2025-12-29 01:02:46
TXN-1840,U087,P129,89.88,5,2026-01-17 01:02:46
TXN-1841,U097,P149,345.54,3,2026-01-16 01:02:46
TXN-1842,U180,P110,23.9,4,2025-12-21 01:02:46
TXN-1843,U058,P107,69.19,4,2026-01-07 01:02:46
TXN-1844,U152,P119,171.15,5,2025-12-30 01:02:46
TXN-1845,U005,P126,95.33,4,2026-01-13 01:02:46
TXN-1846,U053,P113,284.8,2,2026-01-16 01:02:46
TXN-1847,U184,P128,228.12,4,2026-01-10 01:02:46
TXN-1848,U027,P116,357.88,2,2025-12-23 01:02:46
TXN-1849,U127,P133,125.02,5,2025-12-29 01:02:46
TXN-1850,U123,P144,189.46,2,2025-12-27 01:02:46
TXN-1851,U108,P111,231.31,2,2026-01-10 01:02:46
TXN-1852,U160,P126,263.66,1,2026-01-08 01:02:46
TXN-1853,U175,P142,177.53,3,2026-01-08 01:02:46
TXN-1854,U034,P128,82.67,3,2025-12-29 01:02:46
TXN-1855,U018,P148,414.73,4,2025-12-24 01:02:46
TXN-1856,U040,P149,269.98,4,2026-01-15 01:02:46
TXN-1857,U194,P102,231.13,3,2025-12-25 01:02:46
TXN-1858,U016,P110,276.35,3,2026-01-16 01:02:46
TXN-1859,U151,P130,267.72,2,2025-12-21 01:02:46
TXN-1860,U004,P121,330.56,3,2026-01-13 01:02:46
TXN-1861,U079,P118,416.65,2,2026-01-04 01:02:46
TXN-1862,U031,P140,406.54,5,2025-12-31 01:02:46
TXN-1863,U119,P109,203.69,2,2026-01-02 01:02:46
TXN-1864,U157,P110,475.27,1,2026-01-10 01:02:46
TXN-1865,U164,P102,458.7,5,2026-01-16 01:02:46
TXN-1866,U079,P101,193.76,5,2026-01-02 01:02:46
TXN-1867,U014,P134,86.31,3,2025-12-27 01:02:46
TXN-1868,U172,P122,221.19,2,2026-01-02 01:02:46
TXN-1869,U137,P101,251.35,1,2026-01-12 01:02:46
TXN-1870,U022,P148,31.96,2,2026-01-11 01:02:46
TXN-1871,U138,P109,159.64,3,2026-01-10 01:02:46
TXN-1872,U083,P112,93.51,5,2026-01-13 01:02:46
TXN-1873,U177,P105,263.73,2,2025-12-22 01:02:46
TXN-1874,U087,P103,197.06,4,2026-01-08 01:02:46
TXN-1875,U105,P114,77.66,2,2025-12-29 01:02:46
TXN-1876,U118,P131,388.49,2,2026-01-02 01:02:46
TXN-1877,U200,P122,102.24,1,2026-01-17 01:02:46
TXN-1878,U078,P149,179.13,5,2026-01-11 01:02:46
TXN-1879,U045,P134,148.33,1,2025-12-31 01:02:46
TXN-1880,U146,P141,226.14,2,2026-01-16 01:02:46
TXN-1881,U077,P107,470.78,4,2025-12-29 01:02:46
TXN-1882,U069,P138,468.45,3,2026-01-03 01:02:46
TXN-1883,U169,P147,276.97,2,2025-12-21 01:02:46
TXN-1884,U091,P101,221.01,3,2026-01-06 01:02:46
TXN-1885,U086,P140,277.47,3,2026-01-11 01:02:46
TXN-1886,U174,P134,64.64,5,2026-01-15 01:02:46
TXN-1887,U067,P103,277.71,2,2026-01-06 01:02:46
TXN-1888,U088,P123,69.05,1,2025-12-29 01:02:46
TXN-1889,U052,P112,124.17,5,2026-01-03 01:02:46
TXN-1890,U161,P121,474.69,4,2026-01-08 01:02:46
TXN-1891,U014,P131,454.54,4,2026-01-10 01:02:46
TXN-1892,U185,P147,427.16,4,2026-01-13 01:02:46
TXN-1893,U114,P109,108.55,4,2026-01-20 01:02:46
TXN-1894,U078,P102,91.04,1,2026-01-06 01:02:46
TXN-1895,U031,P131,324.29,1,2025-12-26 01:02:46
TXN-1896,U152,P103,398.79,1,2025-12-29 01:02:46
TXN-1897,U032,P145,453.31,4,2026-01-09 01:02:46
TXN-1898,U009,P126,424.37,1,2025-12-21 01:02:46
TXN-1899,U012,P112,468.48,4,2026-01-08 01:02:46
TXN-1900,U162,P103,251.63,5,2026-01-06 01:02:46
TXN-1901,U135,P147,30.1,3,2025-12-21 01:02:46
TXN-1902,U055,P101,416.77,2,2026-01-16 01:02:46
TXN-1903,U104,P105,296.13,5,2025-12-28 01:02:46
TXN-1904,U170,P147,489.41,3,2025-12-24 01:02:46
TXN-1905,U188,P143,192.09,2,2026-01-14 01:02:46
TXN-1906,U061,P133,490.67,4,2026-01-14 01:02:46
TXN-1907,U090,P137,379.58,4,2026-01-14 01:02:46
TXN-1908,U027,P116,30.13,1,2026-01-16 01:02:46
TXN-1909,U094,P123,89.2,2,2026-01-04 01:02:46
TXN-1910,U057,P107,445.99,4,2026-01-02 01:02:46
TXN-1911,U096,P145,63.58,3,2025-12-27 01:02:46
TXN-1912,U145,P114,295.23,99,2026-01-18 01:02:46
TXN-1913,U152,P144,337.09,4,2025-12-22 01:02:46
TXN-1914,U112,P124,437.97,2,2026-01-17 01:02:46
TXN-1915,U130,P128,390.85,1,2025-12-27 01:02:46
TXN-1916,U113,P106,162.87,1,2026-01-13 01:02:46
TXN-1917,U104,P149,213.04,2,2025-12-26 01:02:46
TXN-1918,U092,P148,426.34,5,2025-12-22 01:02:46
TXN-1919,U063,P137,358.03,4,2025-12-30 01:02:46
TXN-1920,U082,P106,437.65,4,2026-01-12 01:02:46
TXN-1921,U054,P131,330.5,1,2026-01-16 01:02:46
TXN-1922,U040,P140,75.12,5,2026-01-14 01:02:46
TXN-1923,U069,P113,40.61,5,2026-01-08 01:02:46
TXN-1924,U131,P110,169.34,2,2026-01-20 01:02:46
TXN-1925,U165,P132,208.82,1,2025-12-29 01:02:46
TXN-1926,U033,P145,121.12,1,2025-12-22 01:02:46
TXN-1927,U108,P127,11.39,4,2026-01-09 01:02:46
TXN-1928,U012,P128,367.1,2,2026-01-19 01:02:46
TXN-1929,U016,P142,52.64,5,2025-12-28 01:02:46
TXN-1930,U119,P143,404.87,4,2026-01-14 01:02:46
TXN-1931,U149,P107,334.27,2,2026-01-01 01:02:46
TXN-1932,U098,P104,82.91,3,2025-12-24 01:02:46
TXN-1933,U041,P146,213.59,3,2026-01-11 01:02:46
TXN-1934,U160,P101,ERROR_VAL,2,2026-01-06 01:02:46
TXN-1935,U060,P103,200.79,5,2026-01-16 01:02:46
TXN-1936,U070,P101,200.07,3,2025-12-27 01:02:46
TXN-1937,U009,P120,77.2,1,2026-01-20 01:02:46
TXN-1938,U006,P107,352.59,3,2026-01-04 01:02:46
TXN-1939,U032,P104,309.06,2,2026-01-16 01:02:46
TXN-1940,U023,P106,368.89,1,2026-01-17 01:02:46
TXN-1941,U156,P147,71.13,3,2025-12-21 01:02:46
TXN-1942,U126,P108,464.36,3,2025-12-26 01:02:46
TXN-1943,U010,P129,420.83,1,2026-01-16 01:02:46
TXN-1944,U030,P149,432.53,3,2026-01-07 01:02:46
TXN-1945,U065,P119,205.28,2,2026-01-20 01:02:46
TXN-1946,U089,P106,389.78,5,2026-01-03 01:02:46
TXN-1947,U142,P104,99.66,1,2025-12-27 01:02:46
TXN-1948,U160,P144,20.73,5,2026-01-09 01:02:46
TXN-1949,U124,P141,38.61,1,2025-12-30 01:02:46
TXN-1950,U074,P131,439.16,3,2026-01-19 01:02:46
TXN-1951,U146,P141,57.12,2,2025-12-29 01:02:46
TXN-1952,U109,P129,346.11,4,2026-01-09 01:02:46
TXN-1953,U140,P130,478.32,1,2026-01-06 01:02:46
TXN-1954,U088,P109,297.09,2,2026-01-12 01:02:46
TXN-1955,U030,P148,187.76,4,2025-12-24 01:02:46
TXN-1956,U138,P123,372.85,4,2026-01-01 01:02:46
TXN-1957,U165,P119,,5,2026-01-07 01:02:46
TXN-1958,U018,P101,362.89,5,2025-12-23 01:02:46
TXN-1959,U115,P103,255.76,2,2025-12-22 01:02:46
TXN-1960,U155,P108,431.39,2,2026-01-13 01:02:46
TXN-1961,U102,P111,120.89,5,2026-01-16 01:02:46
TXN-1962,U158,P117,481.47,5,2026-01-07 01:02:46
TXN-1963,U197,P149,17.61,4,2025-12-23 01:02:46
TXN-1964,U034,P125,172.09,1,2026-01-19 01:02:46
TXN-1965,U036,P145,289.67,4,2025-12-31 01:02:46
TXN-1966,U174,P118,112.14,2,2025-12-31 01:02:46
TXN-1967,U068,P121,366.03,5,2026-01-17 01:02:46
TXN-1968,U053,P148,72.01,3,2026-01-03 01:02:46
TXN-1969,U180,P128,257.5,1,2026-01-18 01:02:46
TXN-1970,U165,P149,232.3,5,2026-01-16 01:02:46
TXN-1971,U021,P106,371.14,3,2026-01-08 01:02:46
TXN-1972,U127,P141,333.48,3,2026-01-18 01:02:46
TXN-1973,U144,P115,46.91,5,2025-12-30 01:02:46
TXN-1974,U110,P116,184.37,3,2026-01-06 01:02:46
TXN-1975,U100,P120,331.28,2,2025-12-28 01:02:46
TXN-1976,U066,P126,415.85,5,2026-01-09 01:02:46
TXN-1977,U154,P142,221.17,5,2025-12-22 01:02:46
TXN-1978,U025,P135,190.01,5,2026-01-20 01:02:46
TXN-1979,U165,P106,399.44,4,2026-01-05 01:02:46
TXN-1980,U031,P150,100.64,3,2026-01-06 01:02:46
TXN-1981,U006,P117,304.02,2,2025-12-29 01:02:46
TXN-1982,U059,P107,203.82,3,2026-01-09 01:02:46
TXN-1983,U170,P134,324.98,2,2025-12-25 01:02:46
TXN-1984,U062,P145,499.61,3,2026-01-03 01:02:46
TXN-1985,U122,P111,361.59,3,2026-01-12 01:02:46
TXN-1986,U158,P148,129.3,4,2026-01-20 01:02:46
TXN-1987,U192,P136,30.32,2,2025-12-23 01:02:46
TXN-1988,U160,P131,351.92,4,2026-01-01 01:02:46
TXN-1989,U093,P134,351.74,2,2025-12-31 01:02:46
TXN-1990,U125,P148,305.85,5,2026-01-02 01:02:46
TXN-1991,U140,P119,233.11,4,2026-01-01 01:02:46
TXN-1992,U106,P130,265.97,3,2026-01-01 01:02:46
TXN-1993,U198,P129,44.98,3,2026-01-17 01:02:46
TXN-1994,U109,P131,448.58,2,2025-12-25 01:02:46
TXN-1995,U083,P128,494.0,4,2026-01-02 01:02:46
TXN-1996,U155,P102,426.71,4,2026-01-07 01:02:46
TXN-1997,U103,P138,384.29,5,2025-12-25 01:02:46
TXN-1998,U170,P121,308.63,2,2026-01-03 01:02:46
TXN-1999,U012,P110,10.92,1,2025-12-24 01:02:46
TXN-2000,U178,P122,61.93,5,2025-12-24 01:02:46
TXN-2001,U155,P136,464.88,3,2025-12-31 01:02:46
TXN-2002,U133,P107,35.85,3,2026-01-15 01:02:46
TXN-2003,U197,P141,95.77,5,2026-01-08 01:02:46
TXN-2004,U016,P116,272.89,2,2025-12-30 01:02:46
TXN-2005,U158,P142,286.18,3,2026-01-18 01:02:46
TXN-2006,U006,P101,107.04,1,2025-12-26 01:02:46
TXN-2007,U089,P144,139.61,5,2025-12-24 01:02:46
TXN-2008,U120,P149,476.64,1,2026-01-10 01:02:46
TXN-2009,U110,P110,339.86,4,2026-01-11 01:02:46
TXN-2010,U039,P123,33.77,4,2026-01-12 01:02:46
TXN-2011,U100,P118,361.25,1,2026-01-10 01:02:46
TXN-2012,U003,P111,330.03,1,2026-01-02 01:02:46
TXN-2013,U095,P127,27.36,1,2026-01-02 01:02:46
TXN-2014,U114,P126,461.32,4,2026-01-02 01:02:46
TXN-2015,U105,P124,53.23,1,2026-01-07 01:02:46
TXN-2016,U132,P139,376.06,2,2025-12-24 01:02:46
TXN-2017,U170,P110,163.86,2,2026-01-16 01:02:46
TXN-2018,U152,P138,126.8,3,2025-12-21 01:02:46
TXN-2019,U193,P131,196.64,3,2026-01-14 01:02:46
TXN-2020,U150,P126,383.1,2,2026-01-11 01:02:46
TXN-2021,U181,P117,203.8,4,2026-01-15 01:02:46
TXN-2022,U191,P110,465.18,4,2026-01-20 01:02:46
TXN-2023,U198,P111,188.28,4,2026-01-15 01:02:46
TXN-2024,U011,P144,220.84,4,2025-12-21 01:02:46
TXN-2025,U045,P135,367.79,5,2025-12-23 01:02:46
TXN-2026,U064,P113,388.42,1,2026-01-02 01:02:46
TXN-2027,U060,P141,55.29,3,2026-01-06 01:02:46
TXN-2028,U111,P144,67.67,3,2026-01-06 01:02:46
TXN-2029,U146,P143,333.18,2,2025-12-28 01:02:46
TXN-2030,U148,P121,200.61,2,2026-01-14 01:02:46
TXN-2031,U153,P127,287.48,1,2026-01-06 01:02:46
TXN-2032,U113,P117,479.11,3,2026-01-16 01:02:46
TXN-2033,U047,P143,398.78,4,2026-01-11 01:02:46
TXN-2034,U191,P113,291.76,3,2026-01-08 01:02:46
TXN-2035,U091,P134,420.94,3,2025-12-23 01:02:46
TXN-2036,U166,P129,461.51,5,2025-12-23 01:02:46
TXN-2037,U070,P105,456.38,3,2026-01-08 01:02:46
TXN-2038,U082,P146,66.23,3,2026-01-11 01:02:46
TXN-2039,U168,P107,318.9,4,2026-01-03 01:02:46
TXN-2040,U135,P111,84.56,2,2026-01-16 01:02:46
TXN-2041,U020,P147,395.66,5,2026-01-09 01:02:46
TXN-2042,U045,P115,338.78,4,2026-01-08 01:02:46
TXN-2043,,P126,334.2,4,2026-01-17 01:02:46
TXN-2044,U156,P128,63.8,2,2026-01-19 01:02:46
TXN-2045,U162,P111,243.74,4,2026-01-13 01:02:46
TXN-2046,U141,P129,225.37,1,2026-01-15 01:02:46
TXN-2047,U063,P132,236.7,1,2026-01-01 01:02:46
TXN-2048,U034,P149,16.76,5,2026-01-02 01:02:46
TXN-2049,U184,P121,463.81,3,2025-12-22 01:02:46
TXN-2050,U085,P110,424.22,3,2026-01-11 01:02:46
TXN-2051,U135,P110,242.56,5,2026-01-08 01:02:46
TXN-2052,U015,P122,78.44,5,2026-01-14 01:02:46
TXN-2053,U021,P150,435.02,1,2025-12-25 01:02:46
TXN-2054,U154,P124,322.72,1,2026-01-10 01:02:46
TXN-2055,U067,P128,28.63,2,2025-12-31 01:02:46
TXN-2056,U007,P150,347.54,1,2026-01-10 01:02:46
TXN-2057,U152,P133,279.52,1,2026-01-14 01:02:46
TXN-2058,U033,P127,261.65,1,2026-01-10 01:02:46
TXN-2059,U165,P145,72.63,2,2026-01-14 01:02:46
TXN-2060,U195,P114,439.55,2,2025-12-29 01:02:46
TXN-2061,U146,P139,86.19,3,2026-01-02 01:02:46
TXN-2062,U145,P124,396.92,3,2026-01-16 01:02:46
TXN-2063,U017,P133,,2,2025-12-24 01:02:46
TXN-2064,U083,P104,179.6,5,2025-12-21 01:02:46
TXN-2065,U118,P103,159.51,4,2025-12-28 01:02:46
TXN-2066,U066,P126,330.69,3,2025-12-28 01:02:46
TXN-2067,U115,P137,53.81,5,2025-12-25 01:02:46
TXN-2068,U022,P101,384.09,4,2026-01-17 01:02:46
TXN-2069,U006,P112,433.82,3,2025-12-25 01:02:46
TXN-2070,U199,P117,189.96,4,2026-01-19 01:02:46
TXN-2071,U146,P108,273.36,3,2026-01-10 01:02:46
TXN-2072,U044,P117,107.02,4,2026-01-03 01:02:46
TXN-2073,U198,P142,285.32,1,2025-12-28 01:02:46
TXN-2074,U111,P131,452.14,3,2025-12-26 01:02:46
TXN-2075,U161,P126,72.84,99,2026-01-18 01:02:46
TXN-2076,U108,P116,123.56,5,2026-01-07 01:02:46
TXN-2077,U145,P117,144.83,3,2026-01-10 01:02:46
TXN-2078,U020,P135,173.26,2,2025-12-30 01:02:46
TXN-2079,U146,P126,286.47,1,2026-01-03 01:02:46
TXN-2080,U141,P130,253.48,4,2025-12-23 01:02:46
TXN-2081,U081,P145,424.3,4,2026-01-14 01:02:46
TXN-2082,U133,P108,151.98,1,2026-01-13 01:02:46
TXN-2083,U022,P145,86.35,3,2026-01-14 01:02:46
TXN-2084,U036,P147,445.33,3,2025-12-23 01:02:46
TXN-2085,U191,P116,320.12,4,2026-01-09 01:02:46
TXN-2086,U111,P121,77.63,5,2026-01-05 01:02:46
TXN-2087,U085,P137,78.83,4,2025-12-31 01:02:46
TXN-2088,U182,P118,317.87,1,2026-01-16 01:02:46
TXN-2089,U030,P121,305.25,5,2025-12-25 01:02:46
TXN-2090,U186,P135,42.65,2,2026-01-04 01:02:46
TXN-2091,U100,P131,230.84,3,2025-12-30 01:02:46
TXN-2092,U135,P150,459.32,5,2026-01-11 01:02:46
TXN-2093,U161,P114,334.05,1,2026-01-14 01:02:46
TXN-2094,U008,P122,237.74,5,2026-01-07 01:02:46
TXN-2095,U144,P103,207.85,3,2025-12-27 01:02:46
TXN-2096,U126,P111,280.28,1,2026-01-06 01:02:46
TXN-2097,U196,P131,127.41,5,2026-01-14 01:02:46
TXN-2098,,P114,375.22,4,2026-01-11 01:02:46
TXN-2099,U012,P114,162.93,3,2026-01-09 01:02:46
TXN-2100,U155,P109,230.07,1,2026-01-17 01:02:46
TXN-2101,U124,P132,151.28,5,2026-01-01 01:02:46
TXN-2102,U008,P108,309.31,4,2026-01-12 01:02:46
TXN-2103,U053,P106,463.04,99,2026-01-17 01:02:46
TXN-2104,U060,P132,135.2,1,2025-12-21 01:02:46
TXN-2105,U054,P146,343.41,1,2026-01-08 01:02:46
TXN-2106,U005,P139,433.3,2,2026-01-03 01:02:46
TXN-2107,U025,P149,372.58,4,2025-12-25 01:02:46
TXN-2108,U143,P146,256.64,1,2025-12-22 01:02:46
TXN-2109,U103,P108,250.26,3,2026-01-14 01:02:46
TXN-2110,U009,P120,291.88,2,2026-01-10 01:02:46
TXN-2111,U134,P106,181.12,3,2025-12-24 01:02:46
TXN-2112,U155,P147,85.22,2,2026-01-15 01:02:46
TXN-2113,U014,P112,340.57,3,2026-01-04 01:02:46
TXN-2114,U011,P103,395.46,4,2026-01-20 01:02:46
TXN-2115,U004,P115,307.21,3,2026-01-01 01:02:46
TXN-2116,U100,P106,427.34,4,2025-12-30 01:02:46
TXN-2117,U144,P107,442.3,4,2025-12-28 01:02:46
TXN-2118,U024,P144,281.29,4,2026-01-01 01:02:46
TXN-2119,U076,P101,303.73,4,2025-12-23 01:02:46
TXN-2120,U087,P115,279.57,1,2026-01-19 01:02:46
TXN-2121,U144,P120,242.61,2,2026-01-11 01:02:46
TXN-2122,U021,P129,492.86,1,2026-01-05 01:02:46
TXN-2123,U026,P126,374.35,2,2026-01-19 01:02:46
TXN-2124,U155,P141,496.35,2,2026-01-12 01:02:46
TXN-2125,U130,P134,339.56,3,2025-12-29 01:02:46
TXN-2126,U050,P131,489.51,5,2025-12-31 01:02:46
TXN-2127,U012,P135,28.22,4,2026-01-17 01:02:46
TXN-2128,U076,P123,394.64,2,2026-01-04 01:02:46
TXN-2129,U108,P149,241.09,4,2026-01-15 01:02:46
TXN-2130,U029,P117,80.11,3,2025-12-30 01:02:46
TXN-2131,U175,P149,290.33,1,2026-01-13 01:02:46
TXN-2132,U015,P141,293.25,5,2025-12-25 01:02:46
TXN-2133,U150,P123,136.24,1,2025-12-22 01:02:46
TXN-2134,U133,P119,209.37,4,2026-01-11 01:02:46
TXN-2135,U035,P101,119.0,3,2026-01-18 01:02:46
TXN-2136,U163,P140,263.03,1,2026-01-11 01:02:46
TXN-2137,U177,P130,431.58,2,2026-01-11 01:02:46
TXN-2138,U029,P126,16.93,2,2026-01-18 01:02:46
TXN-2139,U107,P148,264.81,2,2026-01-16 01:02:46
TXN-2140,U066,P119,142.59,2,2026-01-13 01:02:46
TXN-2141,U038,P129,281.48,2,2026-01-13 01:02:46
TXN-2142,U169,P104,488.41,2,2026-01-19 01:02:46
TXN-2143,U139,P147,493.99,4,2026-01-04 01:02:46
TXN-2144,U044,P125,276.12,2,2026-01-14 01:02:46
TXN-2145,U144,P142,286.32,5,2025-12-22 01:02:46
TXN-2146,U098,P118,328.83,3,2026-01-09 01:02:46
TXN-2147,U037,P130,242.66,2,2026-01-13 01:02:46
TXN-2148,U038,P134,302.81,3,2026-01-20 01:02:46
TXN-2149,U006,P129,42.33,1,2025-12-31 01:02:46
TXN-2150,U090,P108,223.15,1,2025-12-27 01:02:46
TXN-2151,U057,P124,410.99,5,2025-12-27 01:02:46
TXN-2152,U012,P131,458.52,4,2026-01-18 01:02:46
TXN-2153,U083,P142,381.26,2,2025-12-30 01:02:46
TXN-2154,U122,P126,252.07,4,2026-01-05 01:02:46
TXN-2155,U086,P123,73.65,5,2026-01-03 01:02:46
TXN-2156,U070,P114,218.12,2,2025-12-21 01:02:46
TXN-2157,U127,P150,261.34,3,2026-01-12 01:02:46
TXN-2158,U150,P111,73.11,3,2026-01-01 01:02:46
TXN-2159,U186,P127,213.26,5,2025-12-26 01:02:46
TXN-2160,U106,P144,461.9,1,2025-12-26 01:02:46
TXN-2161,U157,P139,304.71,3,2025-12-29 01:02:46
TXN-2162,U006,P119,445.42,4,2025-12-30 01:02:46
TXN-2163,U149,P105,306.45,2,2025-12-31 01:02:46
TXN-2164,U134,P110,291.11,1,2026-01-05 01:02:46
TXN-2165,U176,P134,104.28,2,2026-01-20 01:02:46
TXN-2166,U091,P119,15.86,4,2026-01-09 01:02:46
TXN-2167,U067,P116,424.6,1,2025-12-23 01:02:46
TXN-2168,U018,P140,460.86,5,2026-01-20 01:02:46
TXN-2169,U180,P139,139.46,1,2026-01-04 01:02:46
TXN-2170,U061,P121,66.67,5,2025-12-29 01:02:46
TXN-2171,U126,P111,371.17,3,2026-01-09 01:02:46
TXN-2172,U134,P103,421.19,5,2026-01-11 01:02:46
TXN-2173,U088,P122,387.51,1,2026-01-05 01:02:46
TXN-2174,U063,P131,388.63,3,2025-12-26 01:02:46
TXN-2175,U151,P104,445.25,1,2025-12-23 01:02:46
TXN-2176,U128,P129,330.52,2,2026-01-07 01:02:46
TXN-2177,U122,P101,221.48,3,2026-01-20 01:02:46
TXN-2178,U090,P135,221.9,5,2025-12-25 01:02:46
TXN-2179,U156,P146,481.77,3,2025-12-31 01:02:46
TXN-2180,U066,P129,164.23,3,2026-01-12 01:02:46
TXN-2181,U060,P134,116.72,5,2025-12-29 01:02:46
TXN-2182,U064,P148,430.28,1,2026-01-12 01:02:46
TXN-2183,U196,P144,339.62,4,2025-12-30 01:02:46
TXN-2184,,P126,377.54,4,2026-01-02 01:02:46
TXN-2185,U191,P118,462.15,4,2026-01-13 01:02:46
TXN-2186,U115,P105,97.59,5,2026-01-02 01:02:46
TXN-2187,U056,P142,304.67,99,2026-01-04 01:02:46
TXN-2188,U085,P114,302.6,5,2026-01-10 01:02:46
TXN-2189,U124,P138,182.12,1,2025-12-22 01:02:46
TXN-2190,U146,P131,46.66,5,2025-12-28 01:02:46
TXN-2191,U067,P133,490.41,2,2025-12-30 01:02:46
TXN-2192,U190,P136,95.68,4,2026-01-08 01:02:46
TXN-2193,U071,P132,64.01,5,2025-12-26 01:02:46
TXN-2194,U025,P136,236.35,3,2026-01-15 01:02:46
TXN-2195,U086,P106,344.36,1,2026-01-16 01:02:46
TXN-2196,U012,P127,497.15,2,2026-01-06 01:02:46
TXN-2197,U044,P129,278.76,4,2026-01-05 01:02:46
TXN-2198,U170,P131,201.27,5,2026-01-17 01:02:46
TXN-2199,U117,P146,398.85,5,2025-12-28 01:02:46
TXN-1351,U158,P144,392.34,1,2025-12-25 01:02:46
TXN-1507,U131,P149,123.3,5,2026-01-03 01:02:46
TXN-1529,U015,P142,371.7,5,2026-01-17 01:02:46
TXN-1849,U127,P133,125.02,5,2025-12-29 01:02:46
TXN-1010,U122,P135,194.8,1,2026-01-20 01:02:46
TXN-1909,U094,P123,89.2,2,2026-01-04 01:02:46
TXN-1107,U135,P114,215.15,1,2025-12-28 01:02:46
TXN-1831,U107,P143,453.22,3,2026-01-04 01:02:46
TXN-2054,U154,P124,322.72,1,2026-01-10 01:02:46
TXN-1067,U185,P109,108.02,5,2026-01-18 01:02:46
TXN-1473,U092,P120,152.35,3,2026-01-03 01:02:46
TXN-2021,U181,P117,203.8,4,2026-01-15 01:02:46
TXN-2196,U012,P127,497.15,2,2026-01-06 01:02:46
TXN-1823,U133,P115,31.45,2,2025-12-30 01:02:46
TXN-1759,U050,P111,395.41,5,2026-01-07 01:02:46
TXN-2181,U060,P134,116.72,5,2025-12-29 01:02:46
TXN-1006,U064,P129,361.23,5,2025-12-27 01:02:46
TXN-1083,U194,P146,277.49,2,2026-01-08 01:02:46
TXN-1882,U069,P138,468.45,3,2026-01-03 01:02:46
TXN-2135,U035,P101,119.0,3,2026-01-18 01:02:46
TXN-1426,U135,P135,293.34,1,2025-12-31 01:02:46
TXN-1631,U071,P126,63.03,4,2026-01-15 01:02:46
TXN-1353,U001,P107,319.88,4,2025-12-23 01:02:46
TXN-1771,U187,P134,312.47,2,2025-12-23 01:02:46
